<?xml version="1.0"?>
<antlib>
  <!-- Tasks -->
  <taskdef name="dependencies" classname="org.apache.maven.artifact.ant.DependenciesTask"/>
  <taskdef name="install" classname="org.apache.maven.artifact.ant.InstallTask"/>
  <taskdef name="deploy" classname="org.apache.maven.artifact.ant.DeployTask"/>
  <taskdef name="install-provider" classname="org.apache.maven.artifact.ant.InstallWagonProviderTask"/>
  <taskdef name="mvn" classname="org.apache.maven.artifact.ant.Mvn"/>
  <taskdef name="writepom" classname="org.apache.maven.artifact.ant.WritePomTask"/>

  <!-- Types -->
  <typedef name="localRepository" classname="org.apache.maven.artifact.ant.LocalRepository"/>
  <typedef name="remoteRepository" classname="org.apache.maven.artifact.ant.RemoteRepository"/>
  <typedef name="authentication" classname="org.apache.maven.artifact.ant.Authentication"/>
  <typedef name="proxy" classname="org.apache.maven.artifact.ant.Proxy"/>

  <!-- Tasks that are also types -->
  <taskdef name="pom" classname="org.apache.maven.artifact.ant.Pom"/>
</antlib>
